component,variance_fraction
row,0.3103448275862069
column,0.13793103448275862
interaction,0.551724137931034
residual,0.0
